"","NU_ANO_CENSO","CO_IES","TP_CATEGORIA_ADMINISTRATIVA","TP_ORGANIZACAO_ACADEMICA","CO_LOCAL_OFERTA","CO_UF","CO_MUNICIPIO","IN_CAPITAL","CO_CURSO","NO_CURSO","TP_SITUACAO","CO_CINE_ROTULO","TP_GRAU_ACADEMICO","TP_MODALIDADE_ENSINO","TP_NIVEL_ACADEMICO","IN_GRATUITO","TP_ATRIBUTO_INGRESSO","NU_CARGA_HORARIA","DT_INICIO_FUNCIONAMENTO","DT_AUTORIZACAO_CURSO","IN_AJUDA_DEFICIENTE","IN_MATERIAL_DIGITAL","IN_MATERIAL_AMPLIADO","IN_MATERIAL_TATIL","IN_MATERIAL_IMPRESSO","IN_MATERIAL_AUDIO","IN_MATERIAL_BRAILLE","IN_MATERIAL_LIBRAS","IN_DISCIPLINA_LIBRAS","IN_TRADUTOR_LIBRAS","IN_GUIA_INTERPRETE","IN_RECURSOS_COMUNICACAO","IN_RECURSOS_INFORMATICA","IN_INTEGRAL","IN_MATUTINO","IN_VESPERTINO","IN_NOTURNO","NU_INTEGRALIZACAO_INTEGRAL","NU_INTEGRALIZACAO_MATUTINO","NU_INTEGRALIZACAO_VESPERTINO","NU_INTEGRALIZACAO_NOTURNO","NU_INTEGRALIZACAO_EAD","IN_OFERECE_DISC_SEMI_PRES","NU_PERC_CARGA_SEMI_PRES","IN_POSSUI_LABORATORIO","QT_INSC_VAGA_NOVA_INTEGRAL","QT_INSC_VAGA_NOVA_MATUTINO","QT_INSC_VAGA_NOVA_VESPERTINO","QT_INSC_VAGA_NOVA_NOTURNO","QT_INSC_VAGA_NOVA_EAD","QT_INSC_VAGA_REMAN_INTEGRAL","QT_INSC_VAGA_REMAN_MATUTINO","QT_INSC_VAGA_REMAN_VESPERTINO","QT_INSC_VAGA_REMAN_NOTURNO","QT_INSC_VAGA_REMAN_EAD","QT_INSC_PROG_ESP_INTEGRAL","QT_INSC_PROG_ESP_MATUTINO","QT_INSC_PROG_ESP_VESPERTINO","QT_INSC_PROG_ESP_NOTURNO","QT_INSC_PROG_ESP_EAD","QT_INSC_PRINCIPAL_INTEGRAL","QT_INSC_PRINCIPAL_MATUTINO","QT_INSC_PRINCIPAL_VESPERTINO","QT_INSC_PRINCIPAL_NOTURNO","QT_INSC_PRINCIPAL_EAD","QT_INSC_OUTRA_VAGA_INTEGRAL","QT_INSC_OUTRA_VAGA_MATUTINO","QT_INSC_OUTRA_VAGA_VESPERTINO","QT_INSC_OUTRA_VAGA_NOTURNO","QT_INSC_OUTRA_VAGA_EAD","QT_INSC_ANUAL_INTEGRAL","QT_INSC_ANUAL_MATUTINO","QT_INSC_ANUAL_VESPERTINO","QT_INSC_ANUAL_NOTURNO","QT_INSC_ANUAL_EAD","QT_VAGAS_NOVAS_INTEGRAL","QT_VAGAS_NOVAS_MATUTINO","QT_VAGAS_NOVAS_VESPERTINO","QT_VAGAS_NOVAS_NOTURNO","QT_VAGAS_NOVAS_EAD","QT_VAGAS_REMAN_INTEGRAL","QT_VAGAS_REMAN_MATUTINO","QT_VAGAS_REMAN_VESPERTINO","QT_VAGAS_REMAN_NOTURNO","QT_VAGAS_REMAN_EAD","QT_VAGAS_PROG_ESP_INTEGRAL","QT_VAGAS_PROG_ESP_MATUTINO","QT_VAGAS_PROG_ESP_VESPERTINO","QT_VAGAS_PROG_ESP_NOTURNO","QT_VAGAS_PROG_ESP_EAD","QT_VAGAS_PRINCIPAL_INTEGRAL","QT_VAGAS_PRINCIPAL_MATUTINO","QT_VAGAS_PRINCIPAL_VESPERTINO","QT_VAGAS_PRINCIPAL_NOTURNO","QT_VAGAS_PRINCIPAL_EAD","QT_VAGAS_OUTRAS_INTEGRAL","QT_VAGAS_OUTRAS_MATUTINO","QT_VAGAS_OUTRAS_VESPERTINO","QT_VAGAS_OUTRAS_NOTURNO","QT_VAGAS_OUTRAS_EAD","QT_VAGAS_ANUAL_INTEGRAL","QT_VAGAS_ANUAL_MATUTINO","QT_VAGAS_ANUAL_VESPERTINO","QT_VAGAS_ANUAL_NOTURNO","QT_VAGAS_ANUAL_EAD","QT_MATRICULA_TOTAL","QT_CONCLUINTE_TOTAL","QT_INGRESSO_TOTAL","QT_INGRESSO_VAGA_NOVA","QT_INGRESSO_PROCESSO_SELETIVO","QT_VAGA_TOTAL","QT_INSCRITO_TOTAL"
"1",2018,693,1,1,1233,33,3304557,1,15778,"TEATRO",1,"0114T01",2,1,1,1,0,2990,"01/01/1985",NA,0,NA,NA,NA,NA,NA,NA,NA,NA,NA,NA,NA,NA,1,0,0,0,4,NA,NA,NA,NA,0,NA,1,30,NA,NA,NA,NA,0,NA,NA,NA,NA,0,NA,NA,NA,NA,NA,NA,NA,NA,NA,NA,NA,NA,NA,NA,NA,NA,NA,NA,NA,30,NA,NA,NA,NA,0,NA,NA,NA,NA,0,NA,NA,NA,NA,NA,NA,NA,NA,NA,NA,NA,NA,NA,NA,NA,NA,NA,NA,NA,156,10,27,27,NA,30,30
"2",2018,693,1,1,138195,33,3304557,1,15779,"ARQUIVOLOGIA",1,"0322A01",1,1,1,1,0,2400,"09/12/1911",NA,0,NA,NA,NA,NA,NA,NA,NA,NA,NA,NA,NA,NA,0,0,0,1,NA,NA,NA,4,NA,0,NA,0,NA,NA,NA,1634,NA,NA,NA,NA,27,NA,NA,NA,NA,0,NA,NA,NA,NA,NA,NA,NA,NA,NA,NA,NA,NA,NA,NA,NA,NA,NA,NA,NA,80,NA,NA,NA,NA,30,NA,NA,NA,NA,0,NA,NA,NA,NA,NA,NA,NA,NA,NA,NA,NA,NA,NA,NA,NA,NA,248,34,76,65,NA,110,1661
"3",2018,693,1,1,138195,33,3304557,1,15780,"BIBLIOTECONOMIA",1,"0322B01",1,1,1,1,0,3095,"01/01/1910",NA,0,NA,NA,NA,NA,NA,NA,NA,NA,NA,NA,NA,NA,0,1,0,0,NA,4,NA,NA,NA,0,NA,0,NA,1346,NA,NA,NA,NA,5,NA,NA,NA,NA,0,NA,NA,NA,NA,NA,NA,NA,NA,NA,NA,NA,NA,NA,NA,NA,NA,NA,NA,NA,100,NA,NA,NA,NA,30,NA,NA,NA,NA,3,NA,NA,NA,NA,NA,NA,NA,NA,NA,NA,NA,NA,NA,NA,NA,NA,NA,NA,321,43,98,93,NA,133,1351
"4",2018,693,1,1,138195,33,3304557,1,15781,"MUSEOLOGIA",1,"0322M01",1,1,1,1,0,2940,"01/01/1931",NA,0,NA,NA,NA,NA,NA,NA,NA,NA,NA,NA,NA,NA,1,0,0,0,4,NA,NA,NA,NA,0,NA,0,979,NA,NA,NA,NA,5,NA,NA,NA,NA,0,NA,NA,NA,NA,NA,NA,NA,NA,NA,NA,NA,NA,NA,NA,NA,NA,NA,NA,NA,100,NA,NA,NA,NA,30,NA,NA,NA,NA,3,NA,NA,NA,NA,NA,NA,NA,NA,NA,NA,NA,NA,NA,NA,NA,NA,NA,NA,NA,308,38,98,93,NA,133,984
"5",2018,693,1,1,1059515,33,3304557,1,15782,"ENFERMAGEM",1,"0913E01",1,1,1,1,0,4065,"27/09/1890",NA,1,0,0,0,0,1,0,0,0,0,0,0,0,1,0,0,0,5,NA,NA,NA,NA,0,NA,1,6358,NA,NA,NA,NA,35,NA,NA,NA,NA,1,NA,NA,NA,NA,NA,NA,NA,NA,NA,NA,NA,NA,NA,NA,NA,NA,NA,NA,NA,120,NA,NA,NA,NA,28,NA,NA,NA,NA,3,NA,NA,NA,NA,NA,NA,NA,NA,NA,NA,NA,NA,NA,NA,NA,NA,NA,NA,NA,446,51,122,117,NA,151,6394
"6",2018,693,1,1,1038192,33,3304557,1,15783,"MEDICINA",1,"0912M01",1,1,1,1,0,8145,"10/04/1912",NA,0,NA,NA,NA,NA,NA,NA,NA,NA,NA,NA,NA,NA,1,0,0,0,6,NA,NA,NA,NA,0,NA,1,7803,NA,NA,NA,NA,292,NA,NA,NA,NA,8,NA,NA,NA,NA,NA,NA,NA,NA,NA,NA,NA,NA,NA,NA,NA,NA,NA,NA,NA,160,NA,NA,NA,NA,21,NA,NA,NA,NA,2,NA,NA,NA,NA,NA,NA,NA,NA,NA,NA,NA,NA,NA,NA,NA,NA,NA,NA,NA,963,145,180,158,NA,183,8103
"7",2018,693,1,1,138189,33,3304557,1,15784,"NUTRIÇÃO",1,"0915N01",1,1,1,1,0,4115,"30/04/1943",NA,0,NA,NA,NA,NA,NA,NA,NA,NA,NA,NA,NA,NA,1,0,0,0,5,NA,NA,NA,NA,0,NA,1,4222,NA,NA,NA,NA,15,NA,NA,NA,NA,4,NA,NA,NA,NA,NA,NA,NA,NA,NA,NA,NA,NA,NA,NA,NA,NA,NA,NA,NA,114,NA,NA,NA,NA,23,NA,NA,NA,NA,3,NA,NA,NA,NA,NA,NA,NA,NA,NA,NA,NA,NA,NA,NA,NA,NA,NA,NA,NA,425,38,114,110,NA,140,4241
"8",2018,693,1,1,138195,33,3304557,1,15785,"PEDAGOGIA",1,"0113P01",2,1,1,1,0,3355,"24/03/1987",NA,0,NA,NA,NA,NA,NA,NA,NA,NA,NA,NA,NA,NA,0,0,0,1,NA,NA,NA,4.5,NA,0,NA,0,NA,NA,NA,2198,NA,NA,NA,NA,15,NA,NA,NA,NA,0,NA,NA,NA,NA,NA,NA,NA,NA,NA,NA,NA,NA,NA,NA,NA,NA,NA,NA,NA,100,NA,NA,NA,NA,30,NA,NA,NA,NA,0,NA,NA,NA,NA,NA,NA,NA,NA,NA,NA,NA,NA,NA,NA,NA,NA,300,22,106,100,NA,130,2213
"9",2018,693,1,1,138195,33,3304557,1,15786,"CIÊNCIAS BIOLÓGICAS",1,"0511B01",1,1,1,1,0,3200,"01/01/1976",NA,0,NA,NA,NA,NA,NA,NA,NA,NA,NA,NA,NA,NA,1,0,0,0,4,NA,NA,NA,NA,0,NA,0,652,NA,NA,NA,NA,10,NA,NA,NA,NA,0,NA,NA,NA,NA,NA,NA,NA,NA,NA,NA,NA,NA,NA,NA,NA,NA,NA,NA,NA,70,NA,NA,NA,NA,32,NA,NA,NA,NA,3,NA,NA,NA,NA,NA,NA,NA,NA,NA,NA,NA,NA,NA,NA,NA,NA,NA,NA,NA,221,21,63,57,NA,105,662
"10",2018,693,1,1,138189,33,3304557,1,15788,"DIREITO",1,"0421D01",1,1,1,1,0,4095,"02/05/1991",NA,0,NA,NA,NA,NA,NA,NA,NA,NA,NA,NA,NA,NA,0,0,0,1,NA,NA,NA,5,NA,0,NA,0,NA,NA,NA,144,NA,NA,NA,NA,185,NA,NA,NA,NA,0,NA,NA,NA,NA,NA,NA,NA,NA,NA,NA,NA,NA,NA,NA,NA,NA,NA,NA,NA,142,NA,NA,NA,NA,30,NA,NA,NA,NA,0,NA,NA,NA,NA,NA,NA,NA,NA,NA,NA,NA,NA,NA,NA,NA,NA,572,85,158,138,NA,172,329
"11",2018,693,1,1,1038193,33,3304557,1,15789,"BIOMEDICINA",1,"0914B01",1,1,1,1,0,4105,"01/01/1976",NA,1,1,0,0,0,0,0,0,0,1,0,0,0,1,0,0,0,4,NA,NA,NA,NA,1,1.5,1,2720,NA,NA,NA,NA,26,NA,NA,NA,NA,3,NA,NA,NA,NA,NA,NA,NA,NA,NA,NA,NA,NA,NA,NA,NA,NA,NA,NA,NA,70,NA,NA,NA,NA,32,NA,NA,NA,NA,4,NA,NA,NA,NA,NA,NA,NA,NA,NA,NA,NA,NA,NA,NA,NA,NA,NA,NA,NA,231,32,75,64,NA,106,2749
"12",2018,693,1,1,1233,33,3304557,1,15790,"MÚSICA",1,"0114M02",2,1,1,1,0,2840,"01/01/1976",NA,0,NA,NA,NA,NA,NA,NA,NA,NA,NA,NA,NA,NA,1,0,0,0,4,NA,NA,NA,NA,0,NA,0,60,NA,NA,NA,NA,8,NA,NA,NA,NA,0,NA,NA,NA,NA,NA,NA,NA,NA,NA,NA,NA,NA,NA,NA,NA,NA,NA,NA,NA,60,NA,NA,NA,NA,16,NA,NA,NA,NA,0,NA,NA,NA,NA,NA,NA,NA,NA,NA,NA,NA,NA,NA,NA,NA,NA,NA,NA,NA,278,34,60,57,NA,76,68
"13",2018,693,1,1,138195,33,3304557,1,20064,"HISTÓRIA",1,"0222H01",1,1,1,1,0,2550,"01/03/2000",NA,0,NA,NA,NA,NA,NA,NA,NA,NA,NA,NA,NA,NA,0,1,0,0,NA,4,NA,NA,NA,0,NA,0,NA,748,NA,NA,NA,NA,1,NA,NA,NA,NA,0,NA,NA,NA,NA,NA,NA,NA,NA,NA,NA,NA,NA,NA,NA,NA,NA,NA,NA,NA,60,NA,NA,NA,NA,30,NA,NA,NA,NA,3,NA,NA,NA,NA,NA,NA,NA,NA,NA,NA,NA,NA,NA,NA,NA,NA,NA,NA,158,11,57,54,NA,93,749
"14",2018,693,1,1,138195,33,3304557,1,20065,"SISTEMAS DE INFORMAÇÃO",1,"0615S02",1,1,1,1,0,3240,"12/04/1999",NA,0,NA,NA,NA,NA,NA,NA,NA,NA,NA,NA,NA,NA,1,0,0,0,4,NA,NA,NA,NA,0,NA,1,1116,NA,NA,NA,NA,12,NA,NA,NA,NA,0,NA,NA,NA,NA,NA,NA,NA,NA,NA,NA,NA,NA,NA,NA,NA,NA,NA,NA,NA,72,NA,NA,NA,NA,25,NA,NA,NA,NA,0,NA,NA,NA,NA,NA,NA,NA,NA,NA,NA,NA,NA,NA,NA,NA,NA,NA,NA,NA,263,17,71,68,NA,97,1128
"15",2018,693,1,1,1233,33,3304557,1,24792,"MÚSICA - MÚSICA POPULAR BRASILEIRA",1,"0215M01",1,1,1,1,0,2520,"01/01/1976",NA,0,NA,NA,NA,NA,NA,NA,NA,NA,NA,NA,NA,NA,1,0,0,0,4,NA,NA,NA,NA,0,NA,0,18,NA,NA,NA,NA,3,NA,NA,NA,NA,0,NA,NA,NA,NA,NA,NA,NA,NA,NA,NA,NA,NA,NA,NA,NA,NA,NA,NA,NA,20,NA,NA,NA,NA,5,NA,NA,NA,NA,0,NA,NA,NA,NA,NA,NA,NA,NA,NA,NA,NA,NA,NA,NA,NA,NA,NA,NA,NA,59,4,16,16,NA,25,21
"16",2018,693,1,1,1233,33,3304557,1,26665,"MÚSICA - CANTO",1,"0215M01",1,1,1,1,0,2400,"01/01/1976",NA,0,NA,NA,NA,NA,NA,NA,NA,NA,NA,NA,NA,NA,1,0,0,0,4,NA,NA,NA,NA,0,NA,0,4,NA,NA,NA,NA,0,NA,NA,NA,NA,0,NA,NA,NA,NA,NA,NA,NA,NA,NA,NA,NA,NA,NA,NA,NA,NA,NA,NA,NA,4,NA,NA,NA,NA,0,NA,NA,NA,NA,0,NA,NA,NA,NA,NA,NA,NA,NA,NA,NA,NA,NA,NA,NA,NA,NA,NA,NA,NA,13,0,4,4,NA,4,4
"17",2018,693,1,1,1233,33,3304557,1,28499,"CENOGRAFIA E INDUMENTÁRIA",1,"0215A01",1,1,1,1,0,2900,"01/01/1964",NA,0,NA,NA,NA,NA,NA,NA,NA,NA,NA,NA,NA,NA,1,0,0,0,4,NA,NA,NA,NA,0,NA,1,409,NA,NA,NA,NA,5,NA,NA,NA,NA,0,NA,NA,NA,NA,NA,NA,NA,NA,NA,NA,NA,NA,NA,NA,NA,NA,NA,NA,NA,20,NA,NA,NA,NA,23,NA,NA,NA,NA,0,NA,NA,NA,NA,NA,NA,NA,NA,NA,NA,NA,NA,NA,NA,NA,NA,NA,NA,NA,65,5,19,18,NA,43,414
"18",2018,693,1,1,1233,33,3304557,1,30327,"DIREÇÃO",1,"0215A01",1,1,1,1,0,2480,"01/01/1964",NA,0,NA,NA,NA,NA,NA,NA,NA,NA,NA,NA,NA,NA,1,0,0,0,3.5,NA,NA,NA,NA,0,NA,1,6,NA,NA,NA,NA,0,NA,NA,NA,NA,0,NA,NA,NA,NA,NA,NA,NA,NA,NA,NA,NA,NA,NA,NA,NA,NA,NA,NA,NA,6,NA,NA,NA,NA,0,NA,NA,NA,NA,0,NA,NA,NA,NA,NA,NA,NA,NA,NA,NA,NA,NA,NA,NA,NA,NA,NA,NA,NA,24,5,6,6,NA,6,6
"19",2018,693,1,1,1233,33,3304557,1,32015,"MÚSICA - COMPOSIÇÃO",1,"0215M01",1,1,1,1,0,2540,"01/01/1976",NA,0,NA,NA,NA,NA,NA,NA,NA,NA,NA,NA,NA,NA,1,0,0,0,4,NA,NA,NA,NA,0,NA,0,1,NA,NA,NA,NA,1,NA,NA,NA,NA,0,NA,NA,NA,NA,NA,NA,NA,NA,NA,NA,NA,NA,NA,NA,NA,NA,NA,NA,NA,6,NA,NA,NA,NA,8,NA,NA,NA,NA,0,NA,NA,NA,NA,NA,NA,NA,NA,NA,NA,NA,NA,NA,NA,NA,NA,NA,NA,NA,11,1,1,1,NA,14,2
"20",2018,693,1,1,1233,33,3304557,1,33869,"MÚSICA - REGÊNCIA",1,"0215M01",1,1,1,1,0,2630,"01/01/1976",NA,0,NA,NA,NA,NA,NA,NA,NA,NA,NA,NA,NA,NA,1,0,0,0,4,NA,NA,NA,NA,0,NA,0,2,NA,NA,NA,NA,2,NA,NA,NA,NA,0,NA,NA,NA,NA,NA,NA,NA,NA,NA,NA,NA,NA,NA,NA,NA,NA,NA,NA,NA,4,NA,NA,NA,NA,10,NA,NA,NA,NA,0,NA,NA,NA,NA,NA,NA,NA,NA,NA,NA,NA,NA,NA,NA,NA,NA,NA,NA,NA,5,0,2,2,NA,14,4
"21",2018,693,1,1,1233,33,3304557,1,35622,"INTERPRETAÇÃO",1,"0215T01",1,1,1,1,0,2840,"01/01/1964",NA,0,NA,NA,NA,NA,NA,NA,NA,NA,NA,NA,NA,NA,1,0,0,0,4,NA,NA,NA,NA,0,NA,1,49,NA,NA,NA,NA,0,NA,NA,NA,NA,0,NA,NA,NA,NA,NA,NA,NA,NA,NA,NA,NA,NA,NA,NA,NA,NA,NA,NA,NA,50,NA,NA,NA,NA,0,NA,NA,NA,NA,0,NA,NA,NA,NA,NA,NA,NA,NA,NA,NA,NA,NA,NA,NA,NA,NA,NA,NA,NA,236,42,47,47,NA,50,49
"22",2018,693,1,1,1233,33,3304557,1,35623,"ESTÉTICA E TEORIA DO TEATRO",1,"0215T01",1,1,1,1,0,2700,"01/01/1964",NA,0,NA,NA,NA,NA,NA,NA,NA,NA,NA,NA,NA,NA,1,0,0,0,4,NA,NA,NA,NA,0,NA,1,494,NA,NA,NA,NA,7,NA,NA,NA,NA,0,NA,NA,NA,NA,NA,NA,NA,NA,NA,NA,NA,NA,NA,NA,NA,NA,NA,NA,NA,30,NA,NA,NA,NA,30,NA,NA,NA,NA,0,NA,NA,NA,NA,NA,NA,NA,NA,NA,NA,NA,NA,NA,NA,NA,NA,NA,NA,NA,92,8,31,29,NA,60,501
"23",2018,693,1,1,1233,33,3304557,1,35624,"MÚSICA - INSTRUMENTO",1,"0215M01",1,1,1,1,0,2400,"01/01/1976",NA,0,NA,NA,NA,NA,NA,NA,NA,NA,NA,NA,NA,NA,1,0,0,0,4,NA,NA,NA,NA,0,NA,0,20,NA,NA,NA,NA,5,NA,NA,NA,NA,0,NA,NA,NA,NA,NA,NA,NA,NA,NA,NA,NA,NA,NA,NA,NA,NA,NA,NA,NA,57,NA,NA,NA,NA,94,NA,NA,NA,NA,0,NA,NA,NA,NA,NA,NA,NA,NA,NA,NA,NA,NA,NA,NA,NA,NA,NA,NA,NA,117,21,23,19,NA,151,25
"24",2018,693,1,1,NA,NA,NA,NA,57278,"PEDAGOGIA",1,"0113P01",2,2,1,1,0,3435,"25/08/2003",NA,1,0,1,1,1,1,1,0,1,0,0,1,1,NA,NA,NA,NA,NA,NA,NA,NA,5,NA,NA,1,NA,NA,NA,NA,717,NA,NA,NA,NA,0,NA,NA,NA,NA,0,NA,NA,NA,NA,NA,NA,NA,NA,NA,NA,NA,NA,NA,NA,NA,NA,NA,NA,NA,720,NA,NA,NA,NA,0,NA,NA,NA,NA,0,NA,NA,NA,NA,NA,NA,NA,NA,NA,NA,NA,NA,NA,NA,NA,2512,245,708,708,NA,720,717
"25",2018,693,1,1,138195,33,3304557,1,60936,"TURISMO",1,"1015T01",1,1,1,1,0,3420,"15/08/2002",NA,0,NA,NA,NA,NA,NA,NA,NA,NA,NA,NA,NA,NA,1,0,0,0,4,NA,NA,NA,NA,0,NA,0,1561,NA,NA,NA,NA,13,NA,NA,NA,NA,2,NA,NA,NA,NA,NA,NA,NA,NA,NA,NA,NA,NA,NA,NA,NA,NA,NA,NA,NA,50,NA,NA,NA,NA,25,NA,NA,NA,NA,4,NA,NA,NA,NA,NA,NA,NA,NA,NA,NA,NA,NA,NA,NA,NA,NA,NA,NA,NA,136,20,56,50,NA,79,1576
"26",2018,693,1,1,138195,33,3304557,1,100207,"CIÊNCIAS BIOLÓGICAS",1,"0114B01",2,1,1,1,0,3645,"15/07/2006",NA,1,0,0,0,0,0,0,0,1,0,0,0,0,1,0,0,0,4,NA,NA,NA,NA,0,NA,1,167,NA,NA,NA,NA,3,NA,NA,NA,NA,0,NA,NA,NA,NA,NA,NA,NA,NA,NA,NA,NA,NA,NA,NA,NA,NA,NA,NA,NA,30,NA,NA,NA,NA,25,NA,NA,NA,NA,3,NA,NA,NA,NA,NA,NA,NA,NA,NA,NA,NA,NA,NA,NA,NA,NA,NA,NA,NA,103,14,24,21,NA,58,170
"27",2018,693,1,1,NA,NA,NA,NA,108734,"MATEMÁTICA",1,"0114M01",2,2,1,1,0,3330,"11/05/2006",NA,0,NA,NA,NA,NA,NA,NA,NA,NA,NA,NA,NA,NA,NA,NA,NA,NA,NA,NA,NA,NA,5,NA,NA,1,NA,NA,NA,NA,389,NA,NA,NA,NA,0,NA,NA,NA,NA,0,NA,NA,NA,NA,NA,NA,NA,NA,NA,NA,NA,NA,NA,NA,NA,NA,NA,NA,NA,450,NA,NA,NA,NA,0,NA,NA,NA,NA,0,NA,NA,NA,NA,NA,NA,NA,NA,NA,NA,NA,NA,NA,NA,NA,578,12,296,296,NA,450,389
"28",2018,693,1,1,1038191,33,3304557,1,115472,"ADMINISTRAÇÃO PÚBLICA",1,"0413A02",1,1,1,1,0,3265,"01/03/2009",NA,0,NA,NA,NA,NA,NA,NA,NA,NA,NA,NA,NA,NA,1,0,0,0,4,NA,NA,NA,NA,0,NA,0,1872,NA,NA,NA,NA,23,NA,NA,NA,NA,0,NA,NA,NA,NA,NA,NA,NA,NA,NA,NA,NA,NA,NA,NA,NA,NA,NA,NA,NA,100,NA,NA,NA,NA,30,NA,NA,NA,NA,3,NA,NA,NA,NA,NA,NA,NA,NA,NA,NA,NA,NA,NA,NA,NA,NA,NA,NA,NA,328,38,102,93,NA,133,1895
"29",2018,693,1,1,1038191,33,3304557,1,115474,"CIÊNCIA POLÍTICA",1,"0312C01",1,1,1,1,0,2640,"01/03/2009",NA,0,NA,NA,NA,NA,NA,NA,NA,NA,NA,NA,NA,NA,1,0,0,0,4,NA,NA,NA,NA,0,NA,0,1136,NA,NA,NA,NA,9,NA,NA,NA,NA,0,NA,NA,NA,NA,NA,NA,NA,NA,NA,NA,NA,NA,NA,NA,NA,NA,NA,NA,NA,100,NA,NA,NA,NA,30,NA,NA,NA,NA,3,NA,NA,NA,NA,NA,NA,NA,NA,NA,NA,NA,NA,NA,NA,NA,NA,NA,NA,NA,258,25,91,88,NA,133,1145
"30",2018,693,1,1,NA,NA,NA,NA,119100,"HISTÓRIA",1,"0114H01",2,2,1,1,0,3410,"02/03/2009",NA,1,0,1,0,0,0,1,0,1,0,0,0,1,NA,NA,NA,NA,NA,NA,NA,NA,5,NA,NA,1,NA,NA,NA,NA,449,NA,NA,NA,NA,0,NA,NA,NA,NA,0,NA,NA,NA,NA,NA,NA,NA,NA,NA,NA,NA,NA,NA,NA,NA,NA,NA,NA,NA,450,NA,NA,NA,NA,0,NA,NA,NA,NA,0,NA,NA,NA,NA,NA,NA,NA,NA,NA,NA,NA,NA,NA,NA,NA,1188,121,444,443,NA,450,449
"31",2018,693,1,1,138195,33,3304557,1,320064,"HISTÓRIA",1,"0114H01",2,1,1,1,0,3315,"01/03/2000",NA,0,NA,NA,NA,NA,NA,NA,NA,NA,NA,NA,NA,NA,0,1,0,0,NA,4,NA,NA,NA,0,NA,0,NA,730,NA,NA,NA,NA,21,NA,NA,NA,NA,0,NA,NA,NA,NA,NA,NA,NA,NA,NA,NA,NA,NA,NA,NA,NA,NA,NA,NA,NA,60,NA,NA,NA,NA,40,NA,NA,NA,NA,3,NA,NA,NA,NA,NA,NA,NA,NA,NA,NA,NA,NA,NA,NA,NA,NA,NA,NA,237,27,82,58,NA,103,751
"32",2018,693,1,1,138195,33,3304557,1,1101758,"SERVIÇO SOCIAL",1,"0923S01",1,1,1,1,0,3190,"01/01/2009",NA,0,NA,NA,NA,NA,NA,NA,NA,NA,NA,NA,NA,NA,0,0,0,1,NA,NA,NA,4,NA,0,NA,0,NA,NA,NA,2004,NA,NA,NA,NA,9,NA,NA,NA,NA,0,NA,NA,NA,NA,NA,NA,NA,NA,NA,NA,NA,NA,NA,NA,NA,NA,NA,NA,NA,60,NA,NA,NA,NA,30,NA,NA,NA,NA,0,NA,NA,NA,NA,NA,NA,NA,NA,NA,NA,NA,NA,NA,NA,NA,NA,165,12,59,53,NA,90,2013
"33",2018,693,1,1,1233,33,3304557,1,1101759,"LETRAS - LÍNGUA PORTUGUESA",1,"0231L12",1,1,1,1,0,2490,"01/01/2009",NA,0,NA,NA,NA,NA,NA,NA,NA,NA,NA,NA,NA,NA,0,0,0,1,NA,NA,NA,4,NA,0,NA,1,NA,NA,NA,380,NA,NA,NA,NA,4,NA,NA,NA,NA,0,NA,NA,NA,NA,NA,NA,NA,NA,NA,NA,NA,NA,NA,NA,NA,NA,NA,NA,NA,30,NA,NA,NA,NA,30,NA,NA,NA,NA,0,NA,NA,NA,NA,NA,NA,NA,NA,NA,NA,NA,NA,NA,NA,NA,NA,83,10,28,28,NA,60,384
"34",2018,693,1,1,1233,33,3304557,1,1101760,"LETRAS - LÍNGUA PORTUGUESA",1,"0115L13",2,1,1,1,0,2960,"01/01/2009",NA,1,0,0,0,0,0,0,0,1,0,0,0,0,0,0,0,1,NA,NA,NA,4,NA,0,NA,1,NA,NA,NA,361,NA,NA,NA,NA,9,NA,NA,NA,NA,0,NA,NA,NA,NA,NA,NA,NA,NA,NA,NA,NA,NA,NA,NA,NA,NA,NA,NA,NA,30,NA,NA,NA,NA,23,NA,NA,NA,NA,0,NA,NA,NA,NA,NA,NA,NA,NA,NA,NA,NA,NA,NA,NA,NA,NA,98,7,27,25,NA,53,370
"35",2018,693,1,1,138195,33,3304557,1,1101761,"BIBLIOTECONOMIA",1,"0114E06",2,1,1,1,0,3405,"01/01/2009",NA,0,NA,NA,NA,NA,NA,NA,NA,NA,NA,NA,NA,NA,0,0,0,1,NA,NA,NA,4,NA,0,NA,0,NA,NA,NA,1659,NA,NA,NA,NA,1,NA,NA,NA,NA,0,NA,NA,NA,NA,NA,NA,NA,NA,NA,NA,NA,NA,NA,NA,NA,NA,NA,NA,NA,80,NA,NA,NA,NA,30,NA,NA,NA,NA,0,NA,NA,NA,NA,NA,NA,NA,NA,NA,NA,NA,NA,NA,NA,NA,NA,103,5,66,65,NA,110,1660
"36",2018,693,1,1,138195,33,3304557,1,1101762,"FILOSOFIA",1,"0223F01",1,1,1,1,0,3000,"01/01/2009",NA,0,NA,NA,NA,NA,NA,NA,NA,NA,NA,NA,NA,NA,1,0,0,0,4,NA,NA,NA,NA,0,NA,0,293,NA,NA,NA,NA,0,NA,NA,NA,NA,0,NA,NA,NA,NA,NA,NA,NA,NA,NA,NA,NA,NA,NA,NA,NA,NA,NA,NA,NA,30,NA,NA,NA,NA,15,NA,NA,NA,NA,0,NA,NA,NA,NA,NA,NA,NA,NA,NA,NA,NA,NA,NA,NA,NA,NA,NA,NA,NA,57,8,26,26,NA,45,293
"37",2018,693,1,1,138195,33,3304557,1,1101763,"FILOSOFIA",1,"0114F01",2,1,1,1,0,3435,"01/01/2009",NA,0,NA,NA,NA,NA,NA,NA,NA,NA,NA,NA,NA,NA,1,0,0,0,4.5,NA,NA,NA,NA,0,NA,0,320,NA,NA,NA,NA,5,NA,NA,NA,NA,0,NA,NA,NA,NA,NA,NA,NA,NA,NA,NA,NA,NA,NA,NA,NA,NA,NA,NA,NA,30,NA,NA,NA,NA,15,NA,NA,NA,NA,0,NA,NA,NA,NA,NA,NA,NA,NA,NA,NA,NA,NA,NA,NA,NA,NA,NA,NA,NA,74,11,27,27,NA,45,325
"38",2018,693,1,1,138195,33,3304557,1,1101770,"MATEMÁTICA",1,"0114M01",2,1,1,1,0,3260,"01/01/2009",NA,0,NA,NA,NA,NA,NA,NA,NA,NA,NA,NA,NA,NA,0,0,0,1,NA,NA,NA,4,NA,0,NA,0,NA,NA,NA,788,NA,NA,NA,NA,5,NA,NA,NA,NA,0,NA,NA,NA,NA,NA,NA,NA,NA,NA,NA,NA,NA,NA,NA,NA,NA,NA,NA,NA,60,NA,NA,NA,NA,31,NA,NA,NA,NA,0,NA,NA,NA,NA,NA,NA,NA,NA,NA,NA,NA,NA,NA,NA,NA,NA,123,6,25,22,NA,91,793
"39",2018,693,1,1,138195,33,3304557,1,1101775,"CIÊNCIAS AMBIENTAIS",1,"0521C01",1,1,1,1,0,2925,"01/01/2009",NA,0,NA,NA,NA,NA,NA,NA,NA,NA,NA,NA,NA,NA,0,0,0,1,NA,NA,NA,4,NA,1,20,1,NA,NA,NA,572,NA,NA,NA,NA,4,NA,NA,NA,NA,0,NA,NA,NA,NA,NA,NA,NA,NA,NA,NA,NA,NA,NA,NA,NA,NA,NA,NA,NA,100,NA,NA,NA,NA,30,NA,NA,NA,NA,0,NA,NA,NA,NA,NA,NA,NA,NA,NA,NA,NA,NA,NA,NA,NA,NA,244,20,86,85,NA,130,576
"40",2018,693,1,1,138195,33,3304557,1,1101776,"ENGENHARIA DE PRODUÇÃO",1,"0725E02",1,1,1,1,0,3840,"01/01/2009",NA,0,NA,NA,NA,NA,NA,NA,NA,NA,NA,NA,NA,NA,0,0,0,1,NA,NA,NA,5,NA,0,NA,0,NA,NA,NA,1134,NA,NA,NA,NA,26,NA,NA,NA,NA,0,NA,NA,NA,NA,NA,NA,NA,NA,NA,NA,NA,NA,NA,NA,NA,NA,NA,NA,NA,50,NA,NA,NA,NA,35,NA,NA,NA,NA,0,NA,NA,NA,NA,NA,NA,NA,NA,NA,NA,NA,NA,NA,NA,NA,NA,205,20,54,47,NA,85,1160
"41",2018,693,1,1,138195,33,3304557,1,1103343,"CIÊNCIAS DA NATUREZA",1,"0114C02",2,1,1,1,0,3000,"01/01/2009",NA,0,NA,NA,NA,NA,NA,NA,NA,NA,NA,NA,NA,NA,0,0,0,1,NA,NA,NA,4,NA,0,NA,0,NA,NA,NA,389,NA,NA,NA,NA,1,NA,NA,NA,NA,0,NA,NA,NA,NA,NA,NA,NA,NA,NA,NA,NA,NA,NA,NA,NA,NA,NA,NA,NA,60,NA,NA,NA,NA,30,NA,NA,NA,NA,0,NA,NA,NA,NA,NA,NA,NA,NA,NA,NA,NA,NA,NA,NA,NA,NA,98,2,48,48,NA,90,390
"42",2018,693,1,1,138195,33,3304557,1,1128934,"PEDAGOGIA",1,"0113P01",2,1,1,1,0,3355,"01/01/2010",NA,0,NA,NA,NA,NA,NA,NA,NA,NA,NA,NA,NA,NA,0,0,1,0,NA,NA,4.5,NA,NA,0,NA,0,NA,NA,1974,NA,NA,NA,NA,3,NA,NA,NA,NA,0,NA,NA,NA,NA,NA,NA,NA,NA,NA,NA,NA,NA,NA,NA,NA,NA,NA,NA,NA,100,NA,NA,NA,NA,23,NA,NA,NA,NA,6,NA,NA,NA,NA,NA,NA,NA,NA,NA,NA,NA,NA,NA,NA,NA,NA,NA,332,37,95,93,NA,129,1977
"43",2018,693,1,1,138189,33,3304557,1,1160031,"NUTRIÇÃO",1,"0915N01",1,1,1,1,0,4275,"01/01/2009",NA,0,NA,NA,NA,NA,NA,NA,NA,NA,NA,NA,NA,NA,0,0,0,1,NA,NA,NA,6,NA,0,NA,1,NA,NA,NA,2720,NA,NA,NA,NA,27,NA,NA,NA,NA,0,NA,NA,NA,NA,NA,NA,NA,NA,NA,NA,NA,NA,NA,NA,NA,NA,NA,NA,NA,60,NA,NA,NA,NA,30,NA,NA,NA,NA,0,NA,NA,NA,NA,NA,NA,NA,NA,NA,NA,NA,NA,NA,NA,NA,NA,185,11,62,52,NA,90,2747
"44",2018,693,1,1,138195,33,3304557,1,1163653,"BIOLOGIA",1,"0114B01",2,1,1,1,0,3250,"15/09/2009",NA,0,NA,NA,NA,NA,NA,NA,NA,NA,NA,NA,NA,NA,0,0,0,1,NA,NA,NA,5,NA,0,NA,0,NA,NA,NA,950,NA,NA,NA,NA,21,NA,NA,NA,NA,0,NA,NA,NA,NA,NA,NA,NA,NA,NA,NA,NA,NA,NA,NA,NA,NA,NA,NA,NA,30,NA,NA,NA,NA,30,NA,NA,NA,NA,0,NA,NA,NA,NA,NA,NA,NA,NA,NA,NA,NA,NA,NA,NA,NA,NA,104,14,41,23,NA,60,971
"45",2018,693,1,1,138195,33,3304557,1,1164822,"BIBLIOTECONOMIA",1,"0322B01",1,1,1,1,0,3095,"17/08/2010",NA,0,NA,NA,NA,NA,NA,NA,NA,NA,NA,NA,NA,NA,0,0,0,1,NA,NA,NA,5,NA,0,NA,0,NA,NA,NA,1434,NA,NA,NA,NA,6,NA,NA,NA,NA,0,NA,NA,NA,NA,NA,NA,NA,NA,NA,NA,NA,NA,NA,NA,NA,NA,NA,NA,NA,100,NA,NA,NA,NA,30,NA,NA,NA,NA,0,NA,NA,NA,NA,NA,NA,NA,NA,NA,NA,NA,NA,NA,NA,NA,NA,357,44,93,85,NA,130,1440
"46",2018,693,1,1,NA,NA,NA,NA,1173591,"TURISMO",1,"0114E06",2,2,1,1,0,3500,"01/01/2010",NA,0,NA,NA,NA,NA,NA,NA,NA,NA,NA,NA,NA,NA,NA,NA,NA,NA,NA,NA,NA,NA,5,NA,NA,0,NA,NA,NA,NA,131,NA,NA,NA,NA,0,NA,NA,NA,NA,0,NA,NA,NA,NA,NA,NA,NA,NA,NA,NA,NA,NA,NA,NA,NA,NA,NA,NA,NA,160,NA,NA,NA,NA,0,NA,NA,NA,NA,0,NA,NA,NA,NA,NA,NA,NA,NA,NA,NA,NA,NA,NA,NA,NA,321,12,130,130,NA,160,131
"47",2018,693,1,1,138195,33,3304557,1,1278733,"CIÊNCIAS SOCIAIS",1,"0114C03",2,1,1,1,0,2860,"10/12/2013",NA,1,0,0,0,1,1,0,0,1,0,1,1,1,0,1,0,0,NA,4,NA,NA,NA,0,NA,1,NA,375,NA,NA,NA,NA,11,NA,NA,NA,NA,2,NA,NA,NA,NA,NA,NA,NA,NA,NA,NA,NA,NA,NA,NA,NA,NA,NA,NA,NA,30,NA,NA,NA,NA,39,NA,NA,NA,NA,3,NA,NA,NA,NA,NA,NA,NA,NA,NA,NA,NA,NA,NA,NA,NA,NA,NA,NA,56,8,32,28,NA,72,388
"48",2018,693,1,1,138195,33,3304557,1,5000550,"MUSEOLOGIA",1,"0322M01",1,1,1,1,0,2940,"01/03/2011",NA,0,NA,NA,NA,NA,NA,NA,NA,NA,NA,NA,NA,NA,0,0,0,1,NA,NA,NA,5,NA,0,NA,0,NA,NA,NA,388,NA,NA,NA,NA,5,NA,NA,NA,NA,0,NA,NA,NA,NA,NA,NA,NA,NA,NA,NA,NA,NA,NA,NA,NA,NA,NA,NA,NA,30,NA,NA,NA,NA,15,NA,NA,NA,NA,0,NA,NA,NA,NA,NA,NA,NA,NA,NA,NA,NA,NA,NA,NA,NA,NA,89,12,32,29,NA,45,393
